"plan","measure","estimate","ci_lower","ci_upper"
"baseline","mean_damage",13.772,13.191341170527,14.352658829473
"baseline","CVaR_0.9",58.9408099688473,57.4799101890344,66.2100356872193
"corridor","mean_damage",4.09499999999999,3.77420860032796,4.41579139967202
"corridor","CVaR_0.9",23.8310893512852,22.6131941031754,34.2815789319798
"proposed","mean_damage",4.345,4.0816869918672,4.60831300813279
"proposed","CVaR_0.9",26.3765541740675,25.3099527478021,27.5001083188908
