"plan","measure","estimate","ci_lower","ci_upper"
"baseline","mean_damage",13.875,12.5680492962737,15.1819507037263
"baseline","CVaR_0.9",59.7265625,56.4057576155462,69.953125
"corridor","mean_damage",4.095,3.32545480255266,4.86454519744734
"corridor","CVaR_0.9",25.794701986755,22.5670880557977,38.7
"proposed","mean_damage",4.69,4.10662669607484,5.27337330392517
"proposed","CVaR_0.9",24.4573643410853,22.2616071428571,26.8003539823009
